year,category,volume_mln_l,avg_price_rub_l,market_value_bln_rub,data_type,scenario,cagr_pct
2025,Газированные,2900.0,101.0,292.9,estimate,Historical,-1.0000000000000009
2026,Газированные,2871.0,106.05000000000001,304.46955,forecast,Base,-1.0000000000000009
2027,Газированные,2842.29,111.3525,316.496097225,forecast,Base,-1.0000000000000009
2028,Газированные,2813.8671,116.92012500000001,328.9976930653875,forecast,Base,-1.0000000000000009
2029,Газированные,2785.728429,122.76613125000003,341.99310194147034,forecast,Base,-1.0000000000000009
2030,Газированные,2757.87114471,128.90443781250005,355.5018294681585,forecast,Base,-1.0000000000000009
2025,Негазированные,900.0,120.0,108.0,estimate,Historical,4.0000000000000036
2026,Негазированные,936.0,126.0,117.936,forecast,Base,4.0000000000000036
2027,Негазированные,973.44,132.3,128.78611200000003,forecast,Base,4.0000000000000036
2028,Негазированные,1012.3776000000001,138.91500000000002,140.63443430400005,forecast,Base,4.0000000000000036
2029,Негазированные,1052.872704,145.86075000000002,153.57280225996803,forecast,Base,4.0000000000000036
2030,Негазированные,1094.9876121600003,153.15378750000005,167.70150006788515,forecast,Base,4.0000000000000036
2025,Пивные напитки,955.36,190.0,181.51839999999999,actual,Historical,0.0
2026,Пивные напитки,955.36,199.5,190.59432,forecast,Base,0.0
2027,Пивные напитки,955.36,209.475,200.124036,forecast,Base,0.0
2028,Пивные напитки,955.36,219.94875000000002,210.13023780000003,forecast,Base,0.0
2029,Пивные напитки,955.36,230.94618750000004,220.63674969000002,forecast,Base,0.0
2030,Пивные напитки,955.36,242.49349687500006,231.6685871745001,forecast,Base,0.0
2025,Пиво,6070.58,192.1,1166.158418,actual,Historical,-2.0000000000000018
2026,Пиво,5949.1684,201.705,1199.9770121220001,forecast,Base,-2.0000000000000018
2027,Пиво,5830.185031999999,211.79025000000001,1234.776345473538,forecast,Base,-2.0000000000000018
2028,Пиво,5713.581331359999,222.37976250000003,1270.5848594922704,forecast,Base,-2.0000000000000018
2029,Пиво,5599.309704732799,233.49875062500004,1307.4318204175465,forecast,Base,-2.0000000000000018
2030,Пиво,5487.3235106381435,245.17368815625005,1345.3473432096555,forecast,Base,-2.0000000000000018
2025,Энергетики,1492.92,260.0,388.1592,estimate,Historical,7.000000000000006
2026,Энергетики,1597.4244,273.0,436.09686120000003,forecast,Base,7.000000000000006
2027,Энергетики,1709.2441080000003,286.65000000000003,489.95482355820013,forecast,Base,7.000000000000006
2028,Энергетики,1828.8911955600004,300.9825,550.4642442676378,forecast,Base,7.000000000000006
2029,Энергетики,1956.9135792492004,316.0316250000001,618.4465784346913,forecast,Base,7.000000000000006
2030,Энергетики,2093.8975297966444,331.8332062500001,694.8247308713757,forecast,Base,7.000000000000006
